0.00,0.00,0.00,0.00,23
0.00,0.00,0.00,0.00,26
0.00,0.00,0.00,0.00,45
0.00,0.00,0.00,0.00,70
0.00,0.00,0.00,0.00,95
0.00,0.00,0.00,0.00,120
0.00,0.00,0.00,0.00,146
0.00,0.00,0.00,0.00,172
0.00,0.00,0.00,0.00,198
0.00,0.00,0.00,0.00,224
0.00,0.00,0.00,0.00,250
0.00,0.00,0.00,0.00,276
0.00,0.00,0.00,0.00,302
0.00,0.00,0.00,0.00,328
0.00,0.00,0.00,0.00,354
0.00,0.00,0.00,0.00,379
0.00,0.00,0.00,0.00,406
0.00,0.00,0.00,0.00,432
0.00,0.00,0.00,0.00,458
0.00,0.00,0.00,0.00,484
0.00,0.00,0.00,0.00,509
0.00,0.00,0.00,0.00,536
0.00,0.00,0.00,0.00,562
0.00,0.00,0.00,0.00,588
0.00,0.00,0.00,0.00,614
0.00,0.00,0.00,0.00,640
0.00,0.00,0.00,0.00,666
0.00,0.00,0.00,0.00,692
0.00,0.00,0.00,0.00,718
0.00,0.00,0.00,0.00,744
0.00,0.00,0.00,0.00,770
0.00,0.00,0.00,0.00,796
0.00,0.00,0.00,0.00,822
0.00,0.00,0.00,0.00,847
0.00,0.00,0.00,0.00,874
0.00,0.00,0.00,0.00,900
0.00,0.00,0.00,0.00,926
0.00,0.00,0.00,0.00,952
0.00,0.00,0.00,0.00,977
0.00,0.00,0.00,0.00,1004
0.00,0.00,0.00,0.00,1031
0.00,0.00,0.00,0.00,1058
0.00,0.00,0.00,0.00,1085
0.00,0.00,0.00,0.00,1112
0.00,0.00,0.00,0.00,1139
0.00,0.00,0.00,0.00,1166
0.00,0.00,0.00,0.00,1193
0.00,0.00,0.00,0.00,1220
0.00,0.00,0.00,0.00,1247
0.00,0.00,0.00,0.00,1274
0.00,0.00,0.00,0.00,1301
0.00,0.00,0.00,0.00,1329
0.00,0.00,0.00,0.00,1355
0.00,0.00,0.00,0.00,1383
0.00,0.00,0.00,0.00,1410
0.00,0.00,0.00,0.00,1436
0.00,0.00,0.00,0.00,1464
0.00,0.00,0.00,0.00,1490
0.00,0.00,0.00,0.00,1518
278.17,0.00,-278.17,0.00,1550
279.58,0.00,-279.58,-255.00,1586
281.06,0.00,-281.06,-255.00,1620
282.46,0.00,-282.46,-255.00,1656
283.85,350.00,-66.15,-255.00,1692
285.15,350.00,-64.85,-133.79,1729
286.46,350.00,-63.54,-132.67,1765
287.69,340.00,-52.31,-129.47,1802
288.89,340.00,-51.11,-106.63,1838
290.00,340.00,-50.00,-103.87,1874
291.08,330.00,-38.92,-101.47,1910
292.11,330.00,-37.89,-81.17,1946
293.00,330.00,-37.00,-79.11,1982
293.88,330.00,-36.12,-75.59,2017
294.69,330.00,-35.31,-74.09,2053
295.46,330.00,-34.54,-72.91,2087
296.15,330.00,-33.85,-71.87,2123
296.78,330.00,-33.22,-71.13,2158
297.36,320.00,-22.64,-68.63,2194
297.90,320.00,-22.10,-48.34,2229
298.36,320.00,-21.64,-46.21,2265
298.78,320.00,-21.22,-46.38,2299
299.12,320.00,-20.88,-44.74,2335
299.41,320.00,-20.59,-45.37,2370
299.65,320.00,-20.35,-44.23,2406
299.82,320.00,-20.18,-43.33,2441
299.94,320.00,-20.06,-42.63,2477
299.99,320.00,-20.01,-42.20,2511
299.99,320.00,-20.01,-41.99,2547
299.93,320.00,-20.07,-42.03,2583
299.81,320.00,-20.19,-42.29,2618
299.63,320.00,-20.37,-42.80,2654
299.38,320.00,-20.62,-43.54,2689
299.09,320.00,-20.91,-44.54,2724
298.72,320.00,-21.28,-45.74,2759
298.32,320.00,-21.68,-45.22,2795
297.84,320.00,-22.16,-46.84,2830
297.31,320.00,-22.69,-46.80,2866
296.71,320.00,-23.29,-48.93,2900
296.07,320.00,-23.93,-49.35,2936
295.35,320.00,-24.65,-51.94,2971
294.62,320.00,-25.38,-52.84,3007
293.79,320.00,-26.21,-53.80,3042
292.89,320.00,-27.11,-55.16,3078
291.97,320.00,-28.03,-56.75,3113
290.97,320.00,-29.03,-58.46,3148
289.97,310.00,-20.03,-60.51,3184
288.85,310.00,-21.15,-42.53,3219
287.72,310.00,-22.28,-45.01,3255
286.49,310.00,-23.51,-47.58,3290
285.25,310.00,-24.75,-50.50,3325
283.92,310.00,-26.08,-53.49,3360
282.62,310.00,-27.38,-54.83,3396
281.18,310.00,-28.82,-58.08,3431
279.74,310.00,-30.26,-61.84,3467
278.21,310.00,-31.79,-63.64,3502
276.67,310.00,-33.33,-67.81,3537
275.03,310.00,-34.97,-70.01,3572
273.45,310.00,-36.55,-74.57,3608
271.72,310.00,-38.28,-76.95,3643
269.95,310.00,-40.05,-79.90,3679
268.18,310.00,-41.82,-83.03,3715
266.32,310.00,-43.68,-88.14,3749
264.46,310.00,-45.54,-91.64,3785
262.57,310.00,-47.43,-95.10,3820
260.63,300.00,-39.37,-98.73,3856
258.60,300.00,-41.40,-82.50,3891
256.59,300.00,-43.41,-86.67,3927
254.48,300.00,-45.52,-90.76,3961
252.40,300.00,-47.60,-95.24,3997
250.28,300.00,-49.72,-99.63,4032
248.12,300.00,-51.88,-104.17,4069
245.81,300.00,-54.19,-108.84,4105
243.52,300.00,-56.48,-112.15,4142
241.14,290.00,-48.86,-117.35,4178
238.72,290.00,-51.28,-102.94,4214
236.40,290.00,-53.60,-106.65,4251
233.93,290.00,-56.07,-111.97,4287
231.49,290.00,-58.51,-115.93,4324
228.96,290.00,-61.04,-121.74,4360
226.47,280.00,-53.53,-125.93,4397
223.88,280.00,-56.12,-111.95,4432
221.35,280.00,-58.65,-116.34,4469
218.79,280.00,-61.21,-122.55,4505
216.21,280.00,-63.79,-126.84,4542
213.54,280.00,-66.46,-133.21,4579
210.85,270.00,-59.15,-137.96,4615
208.22,270.00,-61.78,-122.76,4652
205.51,270.00,-64.49,-129.34,4687
202.85,270.00,-67.15,-134.28,4724
200.18,270.00,-69.82,-138.98,4760
197.50,260.00,-62.50,-145.73,4797
194.73,260.00,-65.27,-130.51,4833
192.04,260.00,-67.96,-135.64,4870
189.26,260.00,-70.74,-142.49,4905
186.48,260.00,-73.52,-147.67,4942
183.76,250.00,-66.24,-152.88,4979
181.05,250.00,-68.95,-137.79,5015
178.34,250.00,-71.66,-144.71,5052
175.55,250.00,-74.45,-149.64,5088
172.84,250.00,-77.16,-154.87,5125
170.06,240.00,-69.94,-159.79,5160
167.35,240.00,-72.65,-146.98,5197
164.58,240.00,-75.42,-151.86,5233
161.97,240.00,-78.03,-157.02,5270
159.22,230.00,-70.78,-161.55,5306
156.48,230.00,-73.52,-148.63,5343
153.82,230.00,-76.18,-153.67,5380
151.11,230.00,-78.89,-158.36,5415
148.48,220.00,-71.52,-165.30,5452
145.87,220.00,-74.13,-149.88,5488
143.28,220.00,-76.72,-154.39,5525
140.63,220.00,-79.37,-160.84,5561
138.08,210.00,-71.92,-165.50,5598
135.48,210.00,-74.52,-151.79,5634
132.97,210.00,-77.03,-156.27,5670
130.42,210.00,-79.58,-160.38,5706
127.96,200.00,-72.04,-166.67,5743
125.53,200.00,-74.47,-150.58,5780
123.06,200.00,-76.94,-156.38,5816
120.68,200.00,-79.32,-162.34,5853
118.27,190.00,-71.73,-165.91,5889
115.96,190.00,-74.04,-151.62,5925
113.62,190.00,-76.38,-154.94,5961
111.44,190.00,-78.56,-160.38,5998
109.17,180.00,-70.83,-165.19,6034
107.00,180.00,-73.00,-150.34,6071
104.80,180.00,-75.20,-153.10,6108
102.65,170.00,-67.35,-157.95,6144
100.60,170.00,-69.40,-142.63,6180
98.53,170.00,-71.47,-146.92,6215
96.66,170.00,-73.34,-151.27,6251
94.73,170.00,-75.27,-154.79,6286
92.90,160.00,-67.10,-158.59,6322
91.05,160.00,-68.95,-142.00,6356
89.30,160.00,-70.70,-147.45,6392
87.55,160.00,-72.45,-150.52,6427
85.94,150.00,-64.06,-153.61,6463
84.27,150.00,-65.73,-136.12,6498
82.71,150.00,-67.29,-140.83,6534
81.14,150.00,-68.86,-143.17,6568
79.67,150.00,-70.33,-147.49,6604
78.25,140.00,-61.75,-149.45,6640
76.84,140.00,-63.16,-133.20,6675
75.51,140.00,-64.49,-134.92,6711
74.21,130.00,-55.79,-138.27,6746
72.99,130.00,-57.01,-121.56,6781
71.79,130.00,-58.21,-122.49,6816
70.70,130.00,-59.30,-125.35,6852
69.61,130.00,-60.39,-127.74,6887
68.60,130.00,-61.40,-130.17,6923
67.62,130.00,-62.38,-132.27,6958
66.72,120.00,-53.28,-134.25,6993
65.86,120.00,-54.14,-115.90,7028
65.09,120.00,-54.91,-117.42,7064
64.34,120.00,-55.66,-120.53,7099
63.66,110.00,-46.34,-121.60,7135
63.03,110.00,-46.97,-102.35,7170
62.45,110.00,-47.55,-104.94,7205
61.95,110.00,-48.05,-105.29,7241
61.51,110.00,-48.49,-105.34,7276
61.12,110.00,-48.88,-107.17,7312
60.78,110.00,-49.22,-108.77,7347
60.51,110.00,-49.49,-108.18,7383
60.29,100.00,-39.71,-109.31,7417
60.13,100.00,-39.87,-90.23,7452
60.04,100.00,-39.96,-90.88,7486
60.00,100.00,-40.00,-91.30,7521
60.02,100.00,-39.98,-91.50,7555
60.09,90.00,-29.91,-91.47,7588
60.22,90.00,-29.78,-71.21,7621
60.39,90.00,-29.61,-70.74,7655
60.62,90.00,-29.38,-70.09,7688
60.90,90.00,-29.10,-69.19,7721
61.24,90.00,-28.76,-68.11,7754
61.60,90.00,-28.40,-68.78,7788
62.05,90.00,-27.95,-67.33,7821
62.53,90.00,-27.47,-67.58,7855
63.08,90.00,-26.92,-65.67,7887
63.67,90.00,-26.33,-65.50,7921
64.30,90.00,-25.70,-63.18,7954
64.99,90.00,-25.01,-62.67,7988
65.75,90.00,-24.25,-59.95,8020
66.53,90.00,-23.47,-58.95,8054
67.36,90.00,-22.64,-57.83,8087
68.25,90.00,-21.75,-56.52,8121
69.21,80.00,-10.79,-55.01,8154
70.19,80.00,-9.81,-33.19,8186
71.21,80.00,-8.79,-31.28,8218
72.22,80.00,-7.78,-29.18,8251
73.34,80.00,-6.66,-27.16,8283
74.46,80.00,-5.54,-24.70,8315
75.67,80.00,-4.33,-22.20,8347
76.84,80.00,-3.16,-19.38,8380
78.14,80.00,-1.86,-16.68,8412
79.43,80.00,-0.57,-15.51,8444
80.81,80.00,0.81,-12.33,8475
82.10,80.00,2.10,-6.82,8506
83.47,80.00,3.47,-5.65,8536
84.83,80.00,4.83,-2.17,8565
86.18,80.00,6.18,1.28,8595
87.60,80.00,7.60,2.67,8624
89.01,80.00,9.01,6.39,8653
90.51,80.00,10.51,8.04,8683
91.98,80.00,11.98,12.01,8715
93.63,80.00,13.63,15.91,8745
95.27,80.00,15.27,18.55,8777
96.94,80.00,16.94,21.12,8808
98.65,80.00,18.65,25.82,8840
100.44,80.00,20.44,28.65,8871
102.26,80.00,22.26,31.82,8904
104.11,80.00,24.11,35.13,8936
105.99,80.00,25.99,38.57,8968
107.97,80.00,27.97,44.13,9000
109.91,80.00,29.91,48.06,9032
111.88,80.00,31.88,51.86,9065
113.88,80.00,33.88,55.78,9097
115.91,80.00,35.91,59.81,9129
118.03,80.00,38.03,63.96,9161
120.04,80.00,40.04,66.46,9194
122.21,80.00,42.21,70.55,9226
124.33,80.00,44.33,75.26,9259
126.55,80.00,46.55,79.81,9290
128.65,80.00,48.65,84.72,9323
130.91,90.00,40.91,89.18,9355
133.12,90.00,43.12,74.26,9388
135.42,90.00,45.42,77.14,9419
137.60,90.00,47.60,82.39,9452
139.93,90.00,49.93,87.15,9484
142.22,90.00,52.22,92.54,9517
144.59,90.00,54.59,95.72,9548
146.83,90.00,56.83,101.25,9582
149.30,90.00,59.30,106.27,9615
151.71,90.00,61.71,110.21,9649
154.20,90.00,64.20,115.91,9681
156.64,90.00,66.64,119.97,9715
159.08,90.00,69.08,125.77,9748
161.54,100.00,61.54,129.62,9783
164.15,100.00,64.15,115.50,9817
166.69,100.00,66.69,120.01,9851
169.32,110.00,59.32,126.25,9885
171.80,110.00,61.80,110.81,9920
174.43,110.00,64.43,116.79,9954
176.99,110.00,66.99,121.39,9989
179.63,110.00,69.63,127.71,10022
182.27,110.00,72.27,132.33,10058
184.91,110.00,74.91,136.95,10093
187.54,110.00,77.54,143.58,10129
190.25,110.00,80.25,148.19,10164
192.95,110.00,82.95,153.10,10200
195.57,110.00,85.57,159.99,10235
198.26,110.00,88.26,164.55,10270
200.78,110.00,90.78,169.39,10306
203.45,110.00,93.45,175.59,10341
206.03,110.00,96.03,180.35,10377
208.68,110.00,98.68,184.78,10412
211.23,110.00,101.23,191.45,10448
213.92,110.00,103.92,195.77,10484
216.44,110.00,106.44,202.61,10521
219.08,110.00,109.08,206.80,10557
221.64,110.00,111.64,211.50,10594
224.25,110.00,114.25,217.84,10630
226.83,110.00,116.83,222.37,10667
229.31,110.00,119.31,228.81,10703
231.84,110.00,121.84,232.87,10739
234.21,110.00,124.21,239.11,10776
236.68,110.00,126.68,242.70,10812
239.06,110.00,129.06,248.72,10849
241.47,110.00,131.47,252.36,10885
243.79,110.00,133.79,255.00,10921
246.13,110.00,136.13,255.00,10957
248.38,110.00,138.38,255.00,10994
250.59,110.00,140.59,255.00,11030
252.83,110.00,142.83,255.00,11067
254.97,110.00,144.97,255.00,11104
257.12,110.00,147.12,255.00,11140
259.18,110.00,149.18,255.00,11176
261.26,110.00,151.26,255.00,11212
263.23,110.00,153.23,255.00,11249
265.17,110.00,155.17,255.00,11285
267.06,110.00,157.06,255.00,11322
268.95,110.00,158.95,255.00,11358
270.75,110.00,160.75,255.00,11395
272.55,110.00,162.55,255.00,11430
274.30,110.00,164.30,255.00,11467
275.91,110.00,165.91,255.00,11504
277.56,110.00,167.56,255.00,11540
279.11,110.00,169.11,255.00,11577
280.66,110.00,170.66,255.00,11613
282.11,110.00,172.11,255.00,11650
283.55,110.00,173.55,255.00,11685
284.89,110.00,174.89,255.00,11722
286.19,110.00,176.19,255.00,11758
287.42,110.00,177.42,255.00,11795
288.64,110.00,178.64,255.00,11832
289.79,110.00,179.79,255.00,11868
290.86,110.00,-180.86,255.00,11906
291.92,110.00,-181.92,-255.00,11943
292.92,110.00,-182.92,-255.00,11982
293.89,110.00,-183.89,-255.00,12020
294.73,110.00,-184.73,-255.00,12059
295.56,110.00,-185.56,-255.00,12098
296.32,110.00,-186.32,-255.00,12136
296.99,110.00,-186.99,-255.00,12175
297.61,110.00,-187.61,-255.00,12213
298.14,110.00,-188.14,-255.00,12252
298.62,110.00,-188.62,-255.00,12290
299.02,110.00,-189.02,-255.00,12328
299.36,110.00,-189.36,-255.00,12367
299.63,110.00,-189.63,-255.00,12405
299.82,110.00,-189.82,-255.00,12444
299.94,110.00,-189.94,-255.00,12482
300.00,110.00,-190.00,-255.00,12521
299.98,110.00,-189.98,-255.00,12559
299.89,110.00,-189.89,-255.00,12598
299.74,110.00,-189.74,-255.00,12637
299.51,110.00,-189.51,-255.00,12675
299.22,110.00,-189.22,-255.00,12713
298.85,110.00,-188.85,-255.00,12751
298.42,110.00,-188.42,-255.00,12790
297.91,110.00,-187.91,-255.00,12828
297.34,110.00,-187.34,-255.00,12867
296.71,110.00,-186.71,-255.00,12906
295.99,110.00,-185.99,-255.00,12944
295.22,110.00,-185.22,-255.00,12983
294.37,110.00,-184.37,-255.00,13021
293.47,110.00,-183.47,-255.00,13060
292.48,110.00,-182.48,-255.00,13099
291.42,110.00,-181.42,-255.00,13136
290.32,110.00,-180.32,-255.00,13175
289.13,110.00,179.13,-255.00,13212
287.98,110.00,177.98,255.00,13249
286.73,110.00,176.73,255.00,13285
285.46,110.00,175.46,255.00,13322
284.11,110.00,174.11,255.00,13358
282.69,110.00,172.69,255.00,13394
281.26,110.00,171.26,255.00,13431
279.74,110.00,169.74,255.00,13467
278.24,110.00,168.24,255.00,13504
276.62,110.00,166.62,255.00,13540
274.98,110.00,164.98,255.00,13577
273.25,110.00,163.25,255.00,13613
271.52,110.00,161.52,255.00,13649
269.69,110.00,159.69,255.00,13685
267.92,110.00,157.92,255.00,13722
266.00,110.00,156.00,255.00,13758
264.03,110.00,154.03,255.00,13795
262.07,110.00,152.07,255.00,13832
260.01,110.00,150.01,255.00,13868
257.97,110.00,147.97,255.00,13904
255.83,110.00,145.83,255.00,13940
253.76,110.00,143.76,255.00,13977
251.55,110.00,141.55,255.00,14013
249.35,110.00,139.35,255.00,14050
247.05,110.00,137.05,255.00,14086
244.79,110.00,134.79,255.00,14123
242.42,110.00,132.42,255.00,14158
240.02,110.00,130.02,255.00,14195
237.72,110.00,127.72,255.00,14232
235.26,110.00,125.26,253.64,14268
232.84,110.00,122.84,247.92,14305
230.32,110.00,120.32,244.35,14341
227.84,110.00,117.84,238.40,14377
225.27,120.00,105.27,234.61,14413
222.75,120.00,102.75,208.44,14450
220.20,120.00,100.20,204.44,14486
217.64,120.00,97.64,198.35,14522
215.05,120.00,95.05,194.18,14557
212.45,120.00,92.45,187.93,14593
209.90,120.00,89.90,183.61,14628
207.26,120.00,87.26,179.51,14663
204.76,120.00,84.76,173.05,14699
202.10,130.00,72.10,169.13,14734
199.50,130.00,69.50,142.55,14770
196.82,130.00,66.82,138.23,14804
194.20,140.00,54.20,133.57,14840
191.50,140.00,51.50,107.16,14875
188.95,140.00,48.95,102.41,14911
186.24,140.00,46.24,98.25,14945
183.68,150.00,33.68,91.46,14980
181.04,150.00,31.04,67.25,15013
178.48,150.00,28.48,60.73,15048
175.92,150.00,25.92,56.51,15082
173.36,150.00,23.36,52.28,15117
170.72,150.00,20.72,46.07,15151
168.17,150.00,18.17,41.56,15185
165.55,150.00,15.55,35.36,15219
163.08,150.00,13.08,30.89,15254
160.47,150.00,10.47,25.04,15288
157.88,150.00,7.88,20.62,15322
155.44,150.00,5.44,16.23,15354
152.93,150.00,2.93,10.47,15388
150.59,150.00,0.59,6.47,15420
148.26,150.00,-1.74,1.09,15454
145.79,150.00,-4.21,-6.24,15488
143.27,150.00,-6.73,-10.11,15523
140.77,150.00,-9.23,-16.19,15559
138.28,150.00,-11.72,-20.21,15595
135.75,150.00,-14.25,-26.16,15632
133.17,150.00,-16.83,-30.31,15668
130.68,150.00,-19.32,-36.65,15705
128.15,150.00,-21.85,-40.61,15740
125.72,150.00,-24.28,-46.75,15777
123.25,150.00,-26.75,-50.51,15813
120.94,150.00,-29.06,-56.43,15850
118.53,150.00,-31.47,-59.70,15886
116.21,150.00,-33.79,-65.38,15923
113.87,150.00,-36.13,-70.67,15960
111.56,150.00,-38.44,-74.09,15995
109.34,150.00,-40.66,-79.37,16032
107.17,150.00,-42.83,-84.25,16068
105.03,150.00,-44.97,-89.00,16105
102.87,150.00,-47.13,-93.59,16141
100.81,150.00,-49.19,-96.27,16178
98.74,150.00,-51.26,-100.56,16214
96.76,150.00,-53.24,-104.90,16250
94.78,150.00,-55.22,-108.86,16286
92.89,140.00,-47.11,-112.86,16323
91.05,140.00,-48.95,-96.46,16359
89.25,140.00,-50.75,-101.89,16395
87.49,140.00,-52.51,-105.13,16432
85.74,140.00,-54.26,-108.20,16467
84.09,140.00,-55.91,-111.26,16504
82.44,130.00,-47.56,-115.93,16540
80.93,130.00,-49.07,-98.58,16576
79.42,130.00,-50.58,-100.68,16612
77.97,130.00,-52.03,-104.75,16649
76.52,130.00,-53.48,-106.62,16685
75.18,130.00,-54.82,-110.44,16721
73.85,130.00,-56.15,-113.88,16758
72.58,120.00,-47.42,-115.26,16794
71.43,120.00,-48.57,-98.39,16830
70.30,120.00,-49.70,-101.04,16866
69.23,120.00,-50.77,-103.60,16903
68.18,120.00,-51.82,-105.94,16939
67.23,120.00,-52.77,-108.16,16975
66.30,120.00,-53.70,-110.04,17011
65.49,110.00,-44.51,-111.78,17048
64.69,110.00,-45.31,-93.10,17083
63.98,110.00,-46.02,-94.35,17119
63.32,110.00,-46.68,-95.21,17154
62.72,110.00,-47.28,-97.91,17189
62.19,110.00,-47.81,-98.37,17225
61.71,110.00,-48.29,-100.54,17261
61.29,110.00,-48.71,-100.48,17298
60.91,100.00,-39.09,-102.23,17334
60.61,100.00,-39.39,-81.77,17370
60.37,100.00,-39.63,-83.03,17404
60.19,100.00,-39.81,-84.03,17440
60.07,100.00,-39.93,-84.78,17475
60.01,100.00,-39.99,-85.30,17511
60.01,100.00,-39.99,-85.58,17546
60.06,100.00,-39.94,-85.63,17582
60.18,90.00,-29.82,-85.44,17615
60.35,90.00,-29.65,-65.00,17650
60.57,90.00,-29.43,-64.35,17684
60.86,90.00,-29.14,-63.49,17719
61.19,90.00,-28.81,-62.37,17753
61.59,90.00,-28.41,-63.07,17787
62.04,90.00,-27.96,-61.50,17822
62.53,90.00,-27.47,-61.75,17856
63.08,90.00,-26.92,-59.79,17891
63.71,90.00,-26.29,-59.62,17925
64.37,90.00,-25.63,-57.15,17959
65.10,90.00,-24.90,-56.54,17993
65.84,90.00,-24.16,-55.64,18028
66.68,90.00,-23.32,-52.69,18062
67.55,90.00,-22.45,-51.35,18097
68.50,80.00,-11.50,-49.90,18130
69.47,80.00,-10.53,-28.12,18165
70.49,80.00,-9.51,-26.24,18198
71.54,80.00,-8.46,-24.15,18232
72.66,80.00,-7.34,-22.00,18265
73.79,80.00,-6.21,-19.52,18298
75.01,80.00,-4.99,-16.99,18331
76.20,80.00,-3.80,-16.12,18365
77.51,80.00,-2.49,-13.37,18398
78.82,80.00,-1.18,-10.14,18432
80.22,80.00,0.22,-6.87,18462
81.50,80.00,1.50,-3.27,18494
82.90,80.00,2.90,-0.17,18525
84.29,80.00,4.29,3.42,18555
85.72,80.00,5.72,4.99,18585
87.08,80.00,7.08,8.71,18615
88.53,80.00,8.53,10.19,18647
90.11,80.00,10.11,13.99,18678
91.73,80.00,11.73,16.32,18711
93.38,80.00,13.38,20.79,18743
95.07,80.00,15.07,23.41,18776
96.84,80.00,16.84,26.17,18807
98.60,80.00,18.60,31.29,18840
100.39,80.00,20.39,34.34,18873
102.26,80.00,22.26,37.51,18907
104.23,80.00,24.23,41.05,18939
106.18,80.00,26.18,44.95,18973
108.16,80.00,28.16,48.76,19006
110.16,80.00,30.16,52.69,19040
112.26,80.00,32.26,56.76,19073
114.33,80.00,34.33,61.19,19106
116.49,80.00,36.49,65.49,19139
118.55,80.00,38.55,70.17,19173
120.77,80.00,40.77,74.45,19206
122.94,80.00,42.94,79.35,19239
125.21,90.00,35.21,84.10,19272
127.37,90.00,37.37,67.20,19306
129.68,90.00,39.68,71.87,19339
131.95,90.00,41.95,77.17,19373
134.31,90.00,44.31,82.29,19405
136.62,90.00,46.62,85.77,19439
138.95,90.00,48.95,91.06,19472
141.30,90.00,51.30,96.42,19506
143.73,90.00,53.73,99.85,19538
146.11,90.00,56.11,105.65,19573
148.58,90.00,58.58,109.22,19607
151.06,90.00,61.06,115.14,19642
153.62,100.00,53.62,119.13,19677
156.20,100.00,56.20,105.45,19713
158.87,100.00,58.87,109.83,19747
161.55,100.00,61.55,116.55,19783
164.08,100.00,64.08,121.32,19819
166.78,100.00,66.78,125.53,19854
169.40,110.00,59.40,132.37,19890
172.11,110.00,62.11,116.93,19924
174.74,110.00,64.74,121.81,19960
177.45,110.00,67.45,128.42,19995
180.02,110.00,70.02,133.33,20031
182.73,110.00,72.73,137.65,20066
185.37,120.00,65.37,144.58,20102
188.08,120.00,68.08,129.19,20136
190.71,120.00,70.71,134.10,20172
193.41,120.00,73.41,140.69,20207
195.95,120.00,75.95,145.57,20243
198.64,130.00,68.64,151.82,20278
201.24,130.00,71.24,136.63,20314
203.90,130.00,73.90,141.10,20348
206.56,130.00,76.56,147.84,20384
209.05,130.00,79.05,152.53,20420
211.68,140.00,71.68,156.58,20455
214.21,140.00,74.21,143.15,20491
216.80,140.00,76.80,147.38,20526
219.31,150.00,69.31,153.82,20561
221.86,150.00,71.86,137.90,20596
224.25,150.00,74.25,144.19,20632
226.76,150.00,76.76,147.83,20667
229.18,150.00,79.18,153.95,20703
231.64,160.00,71.64,157.70,20738
234.01,160.00,74.01,143.63,20773
236.42,160.00,76.42,147.18,20808
238.67,160.00,78.67,152.89,20844
241.02,170.00,71.02,157.97,20879
243.35,170.00,73.35,141.44,20915
245.57,170.00,75.57,146.80,20951
247.83,170.00,77.83,151.78,20985
249.99,170.00,79.99,156.88,21021
252.11,180.00,72.11,161.60,21056
254.20,180.00,74.20,144.18,21092
256.32,180.00,76.32,148.62,21127
258.34,180.00,78.34,153.15,21163
260.37,190.00,70.37,157.29,21197
262.31,190.00,72.31,141.51,21233
264.21,190.00,74.21,145.34,21268
266.07,190.00,76.07,149.01,21304
267.94,190.00,77.94,152.53,21339
269.71,200.00,69.71,158.08,21374
271.49,200.00,71.49,141.24,21409
273.18,200.00,73.18,144.43,21445
274.82,210.00,64.82,147.25,21480
276.46,210.00,66.46,131.87,21516
278.00,210.00,68.00,134.49,21552
279.54,210.00,69.54,136.75,21586
280.99,210.00,70.99,140.98,21622
282.43,220.00,62.43,144.85,21657
283.74,220.00,63.74,126.67,21693
285.08,220.00,65.08,129.98,21728
286.33,220.00,66.33,131.39,21764
287.56,230.00,57.56,134.45,21798
288.70,230.00,58.70,117.43,21834
289.79,230.00,59.79,120.07,21869
290.83,230.00,60.83,122.49,21905
291.84,230.00,61.84,124.71,21940
292.77,230.00,62.77,126.82,21976
293.67,240.00,53.67,128.59,22010
294.51,240.00,54.51,110.24,22046
295.25,240.00,55.25,111.66,22082
295.98,240.00,55.98,112.67,22117
296.63,250.00,46.63,115.63,22153
297.24,250.00,47.24,96.28,22187
297.76,250.00,47.76,96.76,22221
298.24,250.00,48.24,98.89,22255
298.64,250.00,48.64,98.85,22290
299.00,250.00,49.00,100.50,22325
299.31,250.00,49.31,100.02,22361
299.57,250.00,49.57,101.31,22395
299.77,250.00,49.77,102.40,22431
299.90,260.00,39.90,103.22,22466
299.98,260.00,39.98,83.80,22501
300.00,260.00,40.00,84.15,22535
299.96,260.00,39.96,84.27,22569
299.87,270.00,29.87,84.16,22603
299.73,270.00,29.73,63.81,22638
299.52,270.00,29.52,63.27,22672
299.26,270.00,29.26,62.47,22707
298.94,270.00,28.94,61.48,22740
298.57,270.00,28.57,62.22,22775
298.14,270.00,28.14,60.78,22809
297.66,270.00,27.66,59.07,22844
297.13,270.00,27.13,59.19,22878
296.53,270.00,26.53,57.10,22913
295.89,270.00,25.89,56.72,22947
295.18,270.00,25.18,56.19,22981
294.46,270.00,24.46,53.37,23016
293.64,270.00,23.64,52.50,23050
292.79,270.00,22.79,51.24,23085
291.86,270.00,21.86,49.87,23118
290.90,270.00,20.90,48.18,23153
289.90,270.00,19.90,46.38,23187
288.85,270.00,18.85,44.39,23222
287.71,270.00,17.71,42.19,23256
286.56,270.00,16.56,39.66,23290
285.32,270.00,15.32,37.06,23324
284.10,270.00,14.10,34.12,23359
282.76,270.00,12.76,31.27,23393
281.42,270.00,11.42,29.93,23428
279.98,270.00,9.98,26.56,23460
278.58,270.00,8.58,24.83,23494
277.15,270.00,7.15,21.25,23527
275.66,270.00,5.66,17.50,23561
274.10,270.00,4.10,15.58,23593
272.53,270.00,2.53,11.31,23627
270.93,270.00,0.93,9.05,23659
269.34,270.00,-0.66,6.64,23693
267.60,270.00,-2.40,0.27,23726
265.88,270.00,-4.12,-2.66,23760
264.02,270.00,-5.98,-5.54,23794
262.23,270.00,-7.77,-11.00,23830
260.23,270.00,-9.77,-14.18,23865
258.25,270.00,-11.75,-18.18,23902
256.11,270.00,-13.89,-22.12,23938
254.00,270.00,-16.00,-26.67,23974
251.78,270.00,-18.22,-29.16,24010
249.59,270.00,-20.41,-34.04,24047
247.36,270.00,-22.64,-38.83,24084
245.03,270.00,-24.97,-43.77,24120
242.74,270.00,-27.26,-49.10,24157
240.34,270.00,-29.66,-52.31,24193
237.98,270.00,-32.02,-57.92,24229
235.52,270.00,-34.48,-61.40,24265
233.17,270.00,-36.83,-67.26,24302
230.66,270.00,-39.34,-72.71,24338
228.18,270.00,-41.82,-76.81,24375
225.62,270.00,-44.38,-82.74,24412
223.02,270.00,-46.98,-87.05,24448
220.48,270.00,-49.52,-93.47,24484
217.84,270.00,-52.16,-97.69,24520
215.33,270.00,-54.67,-102.29,24558
212.58,270.00,-57.42,-108.40,24595
209.89,270.00,-60.11,-113.45,24633
207.11,270.00,-62.89,-118.28,24670
204.38,270.00,-65.62,-125.47,24708
201.57,270.00,-68.43,-130.43,24745
198.75,270.00,-71.25,-135.75,24782
195.99,260.00,-64.01,-141.11,24820
193.22,260.00,-66.78,-126.22,24857
190.44,260.00,-69.56,-133.36,24895
187.59,250.00,-62.41,-138.53,24932
184.80,250.00,-65.20,-124.02,24970
181.94,250.00,-68.06,-129.22,25007
179.07,250.00,-70.93,-134.75,25044
176.29,250.00,-73.71,-142.27,25082
173.42,250.00,-76.58,-147.50,25119
170.72,240.00,-69.28,-153.03,25157
167.86,240.00,-72.14,-137.93,25194
165.09,240.00,-74.91,-143.41,25232
162.25,230.00,-67.75,-150.57,25269
159.50,230.00,-70.50,-135.99,25307
156.68,230.00,-73.32,-141.08,25345
153.88,230.00,-76.12,-146.41,25381
151.17,230.00,-78.83,-151.70,25419
148.47,230.00,-81.53,-158.64,25456
145.78,230.00,-84.22,-163.52,25494
143.05,230.00,-86.95,-168.34,25531
140.40,230.00,-89.60,-175.36,25569
137.71,230.00,-92.29,-180.03,25606
135.04,230.00,-94.96,-184.89,25644
132.47,230.00,-97.53,-191.66,25681
129.85,230.00,-100.15,-196.05,25719
127.27,230.00,-102.73,-200.62,25758
124.71,230.00,-105.29,-207.07,25796
122.18,230.00,-107.82,-211.41,25835
119.62,230.00,-110.38,-217.62,25873
117.10,230.00,-112.90,-221.97,25912
114.68,220.00,-105.32,-228.17,25951
112.23,220.00,-107.77,-211.96,25989
109.89,220.00,-110.11,-217.85,26028
107.52,220.00,-112.48,-221.34,26065
105.26,220.00,-114.74,-226.91,26104
102.98,220.00,-117.02,-232.08,26143
100.81,220.00,-119.19,-235.30,26181
98.68,220.00,-121.32,-240.12,26219
96.60,220.00,-123.40,-244.76,26256
94.61,220.00,-125.39,-249.22,26294
92.63,220.00,-127.37,-253.27,26331
90.74,220.00,-129.26,-255.00,26369
88.85,220.00,-131.15,-255.00,26405
87.01,220.00,-132.99,-255.00,26443
85.32,220.00,-134.68,-255.00,26481
83.59,220.00,-136.41,-255.00,26518
81.95,220.00,-138.05,-255.00,26556
80.33,220.00,-139.67,-255.00,26593
78.80,220.00,-141.20,-255.00,26631
77.29,220.00,-142.71,-255.00,26668
75.88,220.00,-144.12,-255.00,26705
74.48,220.00,-145.52,-255.00,26743
73.15,220.00,-146.85,-255.00,26780
71.94,220.00,-148.06,-255.00,26818
70.73,220.00,-149.27,-255.00,26855
69.60,210.00,-140.40,-255.00,26893
68.51,210.00,-141.49,-255.00,26930
67.51,210.00,-142.49,-255.00,26968
66.55,210.00,-143.45,-255.00,27004
65.64,210.00,-144.36,-255.00,27042
64.83,210.00,-145.17,-255.00,27080
64.08,210.00,-145.92,-255.00,27117
63.39,210.00,-146.61,-255.00,27155
62.75,210.00,-147.25,-255.00,27192
62.18,210.00,-147.82,-255.00,27230
61.67,210.00,-148.33,-255.00,27267
61.24,210.00,-148.76,-255.00,27304
60.86,210.00,-149.14,-255.00,27342
60.56,210.00,-149.44,-255.00,27379
60.33,210.00,-149.67,-255.00,27417
60.15,210.00,-149.85,-255.00,27454
60.04,210.00,-149.96,-255.00,27492
60.00,210.00,-150.00,-255.00,27529
60.03,210.00,-149.97,-255.00,27567
60.12,210.00,-149.88,-255.00,27603
60.28,210.00,-149.72,-255.00,27641
60.50,210.00,-149.50,-255.00,27679
60.79,210.00,-149.21,-255.00,27716
61.14,210.00,-148.86,-255.00,27754
61.57,210.00,-148.43,-255.00,27791
62.05,210.00,-147.95,-255.00,27829
62.61,210.00,-147.39,-255.00,27866
63.22,210.00,-146.78,-255.00,27904
63.92,210.00,-146.08,-255.00,27941
64.68,210.00,-145.32,-255.00,27978
65.45,210.00,-144.55,-255.00,28016
66.34,210.00,-143.66,-255.00,28053
67.27,210.00,-142.73,-255.00,28091
68.28,210.00,-141.72,-255.00,28128
69.33,210.00,-140.67,-255.00,28166
70.47,210.00,-139.53,-255.00,28203
71.67,210.00,-138.33,-255.00,28240
72.90,210.00,-137.10,-255.00,28278
74.22,210.00,-135.78,-255.00,28315
75.53,210.00,-134.47,-255.00,28353
76.97,210.00,-133.03,-255.00,28390
78.42,210.00,-131.58,-255.00,28428
79.98,210.00,-130.02,-255.00,28465
81.55,210.00,-128.45,-255.00,28503
83.21,210.00,-126.79,-255.00,28540
84.93,210.00,-125.07,-255.00,28577
86.66,210.00,-123.34,-255.00,28615
88.44,210.00,-121.56,-255.00,28652
90.27,210.00,-119.73,-254.90,28690
92.19,210.00,-117.81,-251.71,28727
94.12,210.00,-115.88,-248.12,28765
96.14,210.00,-113.86,-244.53,28802
98.22,210.00,-111.78,-240.55,28839
100.28,210.00,-109.72,-236.37,28878
102.50,210.00,-107.50,-232.22,28916
104.65,210.00,-105.35,-227.45,28955
106.96,210.00,-103.04,-222.95,28993
109.25,210.00,-100.75,-217.81,29032
111.65,200.00,-88.35,-214.74,29069
114.02,200.00,-85.98,-189.25,29107
116.37,200.00,-83.63,-185.84,29145
118.82,190.00,-71.18,-180.53,29181
121.23,190.00,-68.77,-154.82,29219
123.75,190.00,-66.25,-151.22,29256
126.16,180.00,-53.84,-145.23,29294
128.73,180.00,-51.27,-121.64,29331
131.27,180.00,-48.73,-115.39,29369
133.90,170.00,-36.10,-111.30,29407
136.56,170.00,-33.44,-84.81,29443
139.10,170.00,-30.90,-80.21,29479
141.73,170.00,-28.27,-76.08,29515
144.24,170.00,-25.76,-69.57,29552
146.91,170.00,-23.09,-65.56,29588
149.53,160.00,-10.47,-58.90,29625
152.24,160.00,-7.76,-34.44,29660
154.81,160.00,-5.19,-29.62,29696
157.47,160.00,-2.53,-23.34,29730
160.07,160.00,0.07,-18.70,29765
162.60,160.00,2.60,-12.31,29799
165.21,160.00,5.21,-6.18,29833
167.68,160.00,7.68,-1.72,29865
170.24,160.00,10.24,4.17,29899
172.64,160.00,12.64,8.39,29932
175.20,160.00,15.20,14.03,29967
177.76,160.00,17.76,18.28,30001
180.40,160.00,20.40,24.55,30035
182.97,160.00,22.97,29.12,30070
185.60,160.00,25.60,35.40,30104
188.09,160.00,28.09,39.97,30139
190.72,160.00,30.72,43.93,30173
193.27,160.00,33.27,50.48,30208
195.88,160.00,35.88,54.72,30241
198.42,160.00,38.42,61.23,30276
200.95,160.00,40.95,65.41,30310
203.47,160.00,43.47,71.57,30345
206.05,160.00,46.05,75.69,30379
208.55,160.00,48.55,80.06,30413
211.10,160.00,51.10,86.09,30447
213.50,160.00,53.50,90.36,30482
216.02,160.00,56.02,96.00,30516
218.46,160.00,58.46,100.16,30552
221.02,170.00,51.02,105.96,30586
223.49,170.00,53.49,90.26,30621
225.87,170.00,55.87,96.19,30655
228.23,170.00,58.23,101.76,30691
230.70,170.00,60.70,105.25,30726
233.08,170.00,63.08,111.20,30761
235.50,170.00,65.50,114.78,30796
237.89,170.00,67.89,120.52,30832
240.12,180.00,60.12,126.16,30868
242.45,180.00,62.45,109.15,30903
244.69,180.00,64.69,114.54,30939
246.96,180.00,66.96,119.56,30973
249.13,180.00,69.13,124.70,31009
251.33,190.00,61.33,127.46,31044
253.38,190.00,63.38,112.32,31080
255.51,190.00,65.51,116.56,31115
257.54,190.00,67.54,121.14,31151
259.59,190.00,69.59,125.34,31185
261.55,190.00,71.55,129.61,31221
263.46,200.00,63.46,133.51,31256
265.34,200.00,65.34,117.23,31292
267.22,200.00,67.22,120.80,31327
269.01,200.00,69.01,124.41,31363
270.81,200.00,70.81,127.64,31397
272.56,210.00,62.56,132.90,31433
274.17,210.00,64.17,115.97,31469
275.83,210.00,65.83,118.47,31504
277.39,210.00,67.39,123.17,31540
278.95,210.00,68.95,125.50,31575
280.42,210.00,70.42,129.81,31610
281.88,220.00,61.88,131.75,31645
283.21,220.00,63.21,115.65,31681
284.57,220.00,64.57,117.04,31716
285.84,220.00,65.84,120.53,31752
287.09,220.00,67.09,123.67,31787
288.26,230.00,58.26,124.75,31822
289.40,230.00,59.40,107.46,31857
290.43,230.00,60.43,110.10,31893
291.46,230.00,61.46,112.27,31928
292.44,230.00,62.44,114.47,31964
293.33,230.00,63.33,116.44,32000
294.20,230.00,64.20,118.08,32034
294.98,240.00,54.98,119.59,32070
295.71,240.00,55.71,102.78,32105
296.38,240.00,56.38,103.75,32141
297.01,240.00,57.01,104.49,32176
297.57,240.00,57.57,105.07,32211
298.08,250.00,48.08,107.36,32246
298.52,250.00,48.52,87.46,32281
298.90,250.00,48.90,89.28,32315
299.22,250.00,49.22,90.82,32350
299.49,250.00,49.49,90.15,32384
299.70,250.00,49.70,91.29,32418
299.86,250.00,49.86,92.18,32452
299.95,250.00,49.95,92.86,32487
300.00,260.00,40.00,93.29,32521
299.99,260.00,39.99,73.52,32556
299.92,260.00,39.92,73.51,32589
299.80,260.00,39.80,73.28,32624
299.62,260.00,39.62,72.83,32658
299.39,260.00,39.39,72.16,32693
299.09,260.00,39.09,71.28,32727
298.74,260.00,38.74,70.14,32761
298.34,270.00,28.34,70.76,32795
297.89,270.00,27.89,49.20,32830
297.39,270.00,27.39,49.42,32865
296.81,270.00,26.81,47.43,32899
296.20,270.00,26.20,47.15,32933
295.51,270.00,25.51,44.73,32967
294.81,270.00,24.81,44.00,33002
294.02,270.00,24.02,43.23,33036
293.19,270.00,23.19,40.07,33071
292.29,270.00,22.29,38.80,33104
291.36,270.00,21.36,37.20,33139
290.38,270.00,20.38,35.51,33173
289.35,270.00,19.35,33.61,33208
288.23,270.00,18.23,31.50,33242
287.10,270.00,17.10,29.07,33276
285.88,270.00,15.88,26.56,33310
284.69,270.00,14.69,25.71,33345
283.38,270.00,13.38,22.95,33379
282.05,270.00,12.05,19.71,33414
280.64,270.00,10.64,16.42,33447
279.22,270.00,9.22,14.78,33481
277.80,270.00,7.80,11.11,33514
276.34,270.00,6.34,9.44,33547
274.83,270.00,4.83,5.60,33579
273.34,270.00,3.34,3.59,33611
271.80,270.00,1.80,-0.40,33644
270.18,270.00,0.18,-2.54,33678
268.47,270.00,-1.53,-7.02,33712
266.72,270.00,-3.28,-11.87,33747
264.82,270.00,-5.18,-14.88,33782
262.93,270.00,-7.07,-18.48,33818
261.01,270.00,-8.99,-22.03,33853
259.04,270.00,-10.96,-27.75,33890
256.92,270.00,-13.08,-31.62,33926
254.76,270.00,-15.24,-34.12,33963
252.62,270.00,-17.38,-38.78,33999
250.38,270.00,-19.62,-43.36,34035
248.22,270.00,-21.78,-48.34,34072
245.91,270.00,-24.09,-52.98,34108
243.63,270.00,-26.37,-56.25,34145
241.24,270.00,-28.76,-61.42,34181
238.89,270.00,-31.11,-66.97,34217
236.45,270.00,-33.55,-70.40,34253
234.04,270.00,-35.96,-76.22,34290
231.60,270.00,-38.40,-81.89,34326
229.07,270.00,-40.93,-85.68,34363
226.58,270.00,-43.42,-91.84,34400
224.00,270.00,-46.00,-95.84,34436
221.46,270.00,-48.54,-100.22,34473
218.76,270.00,-51.24,-106.41,34510
216.11,260.00,-43.89,-111.26,34548
213.44,260.00,-46.56,-97.91,34584
210.83,260.00,-49.17,-102.63,34622
208.05,260.00,-51.95,-107.14,34659
205.26,260.00,-54.74,-114.30,34697
202.53,250.00,-47.47,-119.52,34735
199.71,250.00,-50.29,-104.50,34771
196.95,250.00,-53.05,-109.83,34809
194.11,250.00,-55.89,-114.91,34846
191.41,250.00,-58.59,-122.33,34884
188.56,250.00,-61.44,-127.18,34921
185.77,250.00,-64.23,-132.66,34959
182.91,240.00,-57.09,-137.86,34997
180.05,240.00,-59.95,-123.37,35034
177.26,240.00,-62.74,-130.89,35072
174.39,240.00,-65.61,-136.11,35108
171.61,230.00,-58.39,-141.62,35146
168.83,230.00,-61.17,-126.82,35183
166.06,230.00,-63.94,-132.00,35221
163.21,230.00,-66.79,-139.16,35258
160.38,230.00,-69.62,-144.59,35296
157.64,220.00,-62.36,-149.99,35334
154.83,220.00,-65.17,-135.03,35371
152.11,220.00,-67.89,-140.33,35408
149.33,220.00,-70.67,-147.28,35445
146.72,210.00,-63.28,-152.46,35483
143.97,210.00,-66.03,-136.99,35520
141.32,210.00,-68.68,-142.02,35558
138.62,210.00,-71.38,-148.69,35596
135.95,210.00,-74.05,-153.56,35633
133.36,200.00,-66.64,-158.35,35671
130.74,200.00,-69.26,-144.74,35707
128.21,200.00,-71.79,-149.32,35745
125.64,200.00,-74.36,-155.51,35782
123.23,190.00,-66.77,-159.86,35820
120.73,190.00,-69.27,-145.54,35857
118.25,190.00,-71.75,-149.64,35895
115.88,190.00,-74.12,-155.61,35933
113.47,180.00,-66.53,-159.18,35970
111.17,180.00,-68.83,-144.86,36007
108.84,180.00,-71.16,-150.14,36044
106.62,180.00,-73.38,-153.52,36082
104.43,170.00,-65.57,-158.50,36119
102.29,170.00,-67.71,-143.31,36157
100.12,170.00,-69.88,-147.96,36195
98.01,170.00,-71.99,-152.68,36231
96.05,160.00,-63.95,-157.21,36268
94.08,160.00,-65.92,-141.11,36303
92.21,160.00,-67.79,-145.06,36340
90.38,160.00,-69.62,-148.62,36376
88.60,150.00,-61.40,-152.00,36413
86.82,150.00,-63.18,-135.18,36449
85.13,150.00,-64.87,-138.38,36486
83.45,150.00,-66.55,-143.19,36521
81.82,150.00,-68.18,-145.98,36558
80.28,140.00,-59.72,-148.57,36595
78.80,140.00,-61.20,-132.77,36631
77.37,140.00,-62.63,-134.77,36668
75.95,140.00,-64.05,-138.56,36704
74.62,130.00,-55.38,-140.29,36741
73.32,130.00,-56.68,-123.65,36776
72.10,130.00,-57.90,-126.93,36813
70.91,130.00,-59.09,-129.85,36849
69.84,130.00,-60.16,-130.67,36886
68.76,120.00,-51.24,-133.02,36922
67.75,120.00,-52.25,-115.38,36959
66.82,120.00,-53.18,-117.50,36996
65.92,120.00,-54.08,-119.27,37031
65.11,120.00,-54.89,-120.91,37068
64.33,110.00,-45.67,-124.21,37104
63.66,110.00,-46.34,-105.36,37141
63.01,110.00,-46.99,-106.10,37177
62.43,110.00,-47.57,-108.75,37214
61.91,110.00,-48.09,-109.10,37250
61.45,110.00,-48.55,-109.25,37286
61.05,110.00,-48.95,-111.11,37322
60.73,100.00,-39.27,-112.76,37359
60.46,100.00,-39.54,-92.11,37395
60.25,100.00,-39.75,-93.22,37430
60.11,100.00,-39.89,-94.09,37466
60.02,100.00,-39.98,-94.69,37500
60.00,100.00,-40.00,-95.07,37536
60.03,90.00,-29.97,-95.21,37570
60.12,90.00,-29.88,-75.11,37605
60.27,90.00,-29.73,-74.78,37639
60.47,90.00,-29.53,-74.22,37673
60.73,90.00,-29.27,-73.45,37707
61.03,90.00,-28.97,-72.43,37742
61.41,90.00,-28.59,-73.26,37776
61.82,90.00,-28.18,-71.79,37811
62.31,90.00,-27.69,-70.15,37844
62.84,90.00,-27.16,-70.23,37879
63.44,90.00,-26.56,-68.15,37913
64.05,90.00,-25.95,-67.78,37948
64.76,80.00,-15.24,-67.34,37982
65.50,80.00,-14.50,-44.52,38017
66.32,80.00,-13.68,-43.57,38050
67.17,80.00,-12.83,-42.32,38085
68.06,80.00,-11.94,-40.94,38119
69.04,80.00,-10.96,-39.36,38154
70.04,80.00,-9.96,-37.46,38187
71.10,80.00,-8.90,-35.47,38220
72.16,80.00,-7.84,-33.27,38253
73.28,80.00,-6.72,-31.01,38287
74.44,80.00,-5.56,-28.55,38320
75.68,80.00,-4.32,-25.92,38353
76.93,80.00,-3.07,-22.95,38386
78.23,80.00,-1.77,-19.95,38420
79.57,80.00,-0.43,-18.76,38453
80.99,80.00,0.99,-15.41,38486
82.38,80.00,2.38,-9.70,38516
83.71,80.00,3.71,-8.17,38548
85.17,80.00,5.17,-4.83,38579
86.62,80.00,6.62,-2.99,38610
88.15,80.00,8.15,0.81,38640
89.57,80.00,9.57,2.96,38671
91.13,80.00,11.13,6.65,38702
92.71,80.00,12.71,8.88,38733
94.39,80.00,14.39,13.24,38765
96.04,80.00,16.04,15.94,38798
97.84,80.00,17.84,18.58,38830
99.61,80.00,19.61,23.77,38862
101.48,80.00,21.48,26.89,38895
103.32,80.00,23.32,30.37,38929
105.30,80.00,25.30,33.75,38962
107.27,80.00,27.27,37.73,38995
109.32,80.00,29.32,41.61,39028
111.29,80.00,31.29,45.86,39062
113.40,80.00,33.40,49.75,39095
115.49,80.00,35.49,54.25,39129
117.66,80.00,37.66,58.62,39161
119.80,80.00,39.80,63.36,39195
121.97,80.00,41.97,67.95,39228
124.16,80.00,44.16,72.65,39262
126.44,80.00,46.44,75.46,39294
128.67,80.00,48.67,80.63,39328
130.93,80.00,50.93,85.63,39361
133.21,80.00,53.21,90.72,39395
135.58,80.00,55.58,93.89,39428
137.90,90.00,47.90,99.43,39461
140.31,90.00,50.31,84.76,39494
142.60,90.00,52.60,88.45,39528
145.04,90.00,55.04,93.64,39561
147.43,90.00,57.43,97.47,39595
149.90,90.00,59.90,103.07,39628
152.39,90.00,62.39,109.03,39663
154.89,90.00,64.89,113.05,39697
157.40,90.00,67.40,119.11,39732
160.00,100.00,60.00,123.23,39767
162.61,100.00,62.61,107.67,39802
165.30,100.00,65.30,114.16,39837
167.84,100.00,67.84,118.98,39873
170.55,100.00,70.55,125.24,39908
173.18,100.00,73.18,130.12,39944
175.89,100.00,75.89,134.72,39979
178.53,110.00,68.53,141.64,40014
181.24,110.00,71.24,126.26,40049
183.88,110.00,73.88,131.19,40085
186.51,110.00,76.51,137.81,40121
189.22,110.00,79.22,142.43,40156
191.85,120.00,71.85,147.34,40192
194.55,120.00,74.55,133.93,40226
197.16,120.00,77.16,138.79,40262
199.77,120.00,79.77,143.33,40297
202.37,130.00,72.37,149.84,40333
205.03,130.00,75.03,134.30,40368
207.60,130.00,77.60,139.02,40403
210.24,130.00,80.24,145.39,40438
212.78,130.00,82.78,150.01,40474
215.31,140.00,75.31,156.27,40509
217.82,140.00,77.82,140.47,40545
220.39,140.00,80.39,146.60,40580
222.86,140.00,82.86,150.94,40615
225.39,140.00,85.39,156.92,40650
227.82,150.00,77.82,161.10,40686
230.23,150.00,80.23,146.90,40722
232.68,150.00,82.68,150.62,40757
235.04,150.00,85.04,156.50,40793
237.43,160.00,77.43,160.02,40827
239.74,160.00,79.74,145.69,40863
242.01,160.00,82.01,150.98,40898
244.25,160.00,84.25,154.15,40934
246.53,170.00,76.53,159.21,40969
248.71,170.00,78.71,144.39,41005
250.92,170.00,80.92,149.19,41039
253.03,170.00,83.03,154.10,41075
255.10,170.00,85.10,156.62,41110
257.14,180.00,77.14,161.01,41146
259.20,180.00,79.20,145.25,41181
261.22,180.00,81.22,149.56,41217
263.14,190.00,73.14,153.72,41252
265.08,190.00,75.08,137.48,41287
266.87,190.00,76.87,141.30,41323
268.72,190.00,78.72,146.53,41358
270.47,190.00,80.47,150.00,41394
272.23,200.00,72.23,153.11,41428
273.90,200.00,73.90,136.22,41464
275.56,200.00,75.56,140.95,41499
277.09,200.00,77.09,143.69,41535
278.66,210.00,68.66,145.88,41570
280.14,210.00,70.14,130.23,41606
281.61,210.00,71.61,132.21,41640
282.99,210.00,72.99,136.16,41676
284.35,210.00,74.35,139.75,41711
285.59,220.00,65.59,141.29,41747
286.86,220.00,66.86,124.32,41782
288.06,220.00,68.06,127.44,41818
289.18,220.00,69.18,128.34,41853
290.28,220.00,70.28,130.89,41888
291.27,230.00,61.27,133.35,41924
292.26,230.00,62.26,115.35,41959
293.16,230.00,63.16,117.37,41995
294.04,230.00,64.04,119.05,42030
294.83,230.00,64.83,120.61,42065
295.59,240.00,55.59,123.85,42100
296.25,240.00,56.25,104.94,42136
296.89,240.00,56.89,105.65,42171
297.46,240.00,57.46,108.28,42207
297.99,240.00,57.99,108.61,42242
298.44,250.00,48.44,110.77,42277
298.85,250.00,48.85,90.63,42311
299.17,250.00,49.17,92.30,42346
299.45,250.00,49.45,91.66,42380
299.67,250.00,49.67,92.80,42415
299.83,250.00,49.83,93.75,42449
299.94,250.00,49.94,94.45,42483
299.99,250.00,49.99,94.94,42518
299.99,250.00,49.99,95.19,42552
299.93,260.00,39.93,95.23,42587
299.82,260.00,39.82,75.04,42620
299.65,260.00,39.65,74.61,42655
299.42,260.00,39.42,73.98,42689
299.15,260.00,39.15,73.12,42724
298.80,260.00,38.80,72.05,42758
298.42,270.00,28.42,72.72,42792
297.96,270.00,27.96,51.19,42826
297.48,270.00,27.48,51.40,42861
296.91,270.00,26.91,49.50,42895
296.31,270.00,26.31,49.26,42930
295.63,270.00,25.63,46.86,42963
294.92,270.00,24.92,46.18,42998
294.13,270.00,24.13,45.36,43032
293.34,270.00,23.34,42.23,43067
292.44,270.00,22.44,41.08,43101
291.52,270.00,21.52,39.53,43136
290.52,270.00,20.52,37.87,43169
289.50,270.00,19.50,35.88,43204
288.42,270.00,18.42,33.81,43238
287.30,270.00,17.30,31.53,43273
286.09,270.00,16.09,29.06,43307
284.87,270.00,14.87,26.24,43341
283.56,270.00,13.56,25.37,43375
282.28,270.00,12.28,22.16,43410
280.88,270.00,10.88,19.05,43444
279.43,270.00,9.43,17.45,43478
278.01,270.00,8.01,13.64,43510
276.51,270.00,6.51,9.99,43543
275.11,270.00,5.11,8.00,43575
273.61,270.00,3.61,4.37,43608
272.04,270.00,2.04,2.42,43639
270.47,270.00,0.47,-1.89,43673
268.82,270.00,-1.18,-4.15,43707
267.08,270.00,-2.92,-8.77,43742
265.24,270.00,-4.76,-13.74,43777
263.31,270.00,-6.69,-17.09,43812
261.39,270.00,-8.61,-20.83,43848
259.43,270.00,-10.57,-24.51,43884
257.37,270.00,-12.63,-28.36,43921
255.22,270.00,-14.78,-32.59,43957
253.09,270.00,-16.91,-37.21,43994
250.86,270.00,-19.14,-41.76,44029
248.65,270.00,-21.35,-44.71,44066
246.34,270.00,-23.66,-49.56,44102
244.13,270.00,-25.87,-54.81,44139
241.75,270.00,-28.25,-59.70,44175
239.35,270.00,-30.65,-63.22,44212
236.97,270.00,-33.03,-68.88,44249
234.50,270.00,-35.50,-72.41,44284
232.07,270.00,-37.93,-78.33,44321
229.54,270.00,-40.46,-84.09,44357
227.13,270.00,-42.87,-88.24,44394
224.55,270.00,-45.45,-93.94,44430
222.02,270.00,-47.98,-98.30,44467
219.40,270.00,-50.60,-104.47,44504
216.75,270.00,-53.25,-109.01,44541
214.01,260.00,-45.99,-113.65,44579
211.26,260.00,-48.74,-100.64,44616
208.63,260.00,-51.37,-105.72,44654
205.84,260.00,-54.16,-110.28,44691
203.11,250.00,-46.89,-115.49,44729
200.29,250.00,-49.71,-102.46,44766
197.54,250.00,-52.46,-107.78,44804
194.70,250.00,-55.30,-112.85,44840
191.85,250.00,-58.15,-118.26,44878
189.07,250.00,-60.93,-123.71,44916
186.29,250.00,-63.71,-130.88,44953
183.50,250.00,-66.50,-136.08,44991
180.64,240.00,-59.36,-141.29,45028

